submission_date,date,sequence
367,260,34242232433123423132144322332332422432133333
367,260,34242232433323423134144442332342424434133333
367,260,34244232333123423134144324334442424442433333
367,260,34244232333123423134144324334442424442433333
367,261,34242232433323423134144442332342424434133333
367,261,34242232443323443134144442332342424434133333
367,261,34242232443323443134144442332342424434133333
367,261,34242232443323443134144442332342424434133333
367,261,34244232333123423134114324334442424442433333
368,263,34242232433323423134144442332342424434133333
357,263,34242232443323443134144442332342424434133333
357,263,34242442434144424344144322132344424232133321
357,263,34242232443323443134144442332342424434133333
368,263,34242232443323443134144442332342424434133333
368,263,34242232443323443134144442332342424434133333
368,263,34242232433123423132144322332332422432133333
368,263,34242442434144424344144322132344424232133321
368,263,34242232443323443134144442332342424434133333
368,264,34244232333123423134114324334442424442433333
368,264,34242442434144424344144322132344424232133321
357,265,34242442434144424344144322132344424232133321
357,265,34242232443323443134144442332342424434133333
368,265,34242232433123423132144322332332422432111233
368,265,34242232443323443134144442332342444434133333
368,265,34242442434144424344144322132344424232133321
368,265,34242442434144424344144322132344424232133321
368,265,34242232433123423132144322332332422434133333
368,265,34242232443323443134144442332342424434133333
368,265,34242442434144424344144322132344424232133321
368,265,34242232443323443134144442332342424434133333
357,265,34242442434144424344144322132344424232133321
368,265,34242232443323443134144442332342424434133333
368,266,34242232443323443134144442332342424434133333
368,266,34244232333123423134114324334442424442433333
368,266,34242232433123423132144322332332422432133333
368,266,34242232443323443134144442332342424434133333
368,266,34242232443323443134144442332342424434133333
368,266,34242232443323443134144442332342424434133333
368,266,34242232433123423132144322332332422432111233
368,266,34242232433323423134144442332342424434133333
368,266,34242232433123423132144322332332422432111233
368,266,34244232333123423134114324334442424442433333
368,266,34242232443323443134144442332342424434133333
368,266,34242232443323443134144442332342424434133333
369,267,34244232333123423134114324334442424442433333
369,267,34242232443323443134144442332342424434133333
369,267,34242232443323443134144442332342424434133333
369,267,34242232443323443134144442332342424434133333
369,267,34242232443323443134144442332342424434133333
369,267,34242232433123423132144322332332422434133333
369,267,34242232443323443134144442332342424434133333
369,267,34242442434144424344144322132344424232133321
369,267,34242232443323443134144442332342424434133333
369,267,34242232433123423132144322332332422434133333
595,267,34242432434144424344144322132342424232133321
369,267,34244232333123423134114324334442424442433333
369,267,34242232433123423132144322332332422432111233
369,267,34242232443323443134144442332342424434133333
369,267,34242232443323443134144442332342424434133333
369,267,34242232443323443134144442332342424434133333
369,268,34242442434144424344144322132344424232133321
369,268,34242232443323443134144442332342424434133333
369,268,34242232433123423132144322332332422432111233
369,268,34242232443323443134144442332342424434133333
369,268,34242232433123423132144322332332422432111233
369,268,34242232443323443134144442332342424434133333
369,268,34242232443323443134144442332342424434133333
369,268,34242232443323443134144442332342444434133333
369,268,34242232443323443134144442332342424434133333
369,268,34242232443323443134144442332342424434133333
369,268,34242232433123423132144322332332422432111233
369,268,34242232443323443134144442332342424434133333
369,268,34242232443323443134144442332342424434133333
369,269,34242232443323443134144442332342424434133333
369,269,34242232443323443134144442332342424434133333
369,269,34244232333123423134114324334442424442433333
369,269,34242232433123423132144322332332422432111233
369,269,34244232333123423134114324334442424442433333
369,269,34242232443323443134144442332342444434133333
369,269,34242232443323443134144442332342444434133333
369,269,34242232443323443134144442332342444434133333
369,269,34242232443323443134144442332342424434133333
389,270,34242232443323443134144442332342424434133333
389,271,34242442434144424344144322132344424232133321
389,271,34242232433123423132144322332332422432111233
389,271,34242232433123423132144322332332422432133333
389,271,34242232443323443134144442332342424434133333
389,272,34242232443323443134144442332342424434133333
389,272,34242232433123423132144322332332422432111233
389,272,34242232443323443134144442332342424434133333
389,272,34244232333123423134114324334442424442433333
389,272,34242232443323443134144442332342424434133333
389,272,34244232333123423134114324334442424442433333
389,272,34242232443323443134144442332342424434133333
389,272,34242232443323443134144442332342424434133333
389,273,34242232443323443134144442332342424434133333
389,273,34244232333123423134144324334442424442433333
389,273,34242232433123423132144322332332422432111233
389,273,44242442434144424344144322132344424232133321
389,273,34242232443323443134144442332342424434133333
389,273,34242232443323443134144442332342424434133333
368,274,34244232333123423134114324334442424442433333
595,274,44242432434144424344144322132344424232133321
368,274,34244232333123423134114324334442424442433333
368,274,34244232333123423134314324334442424442433333
368,274,34244232333123423134314324334442424442433333
368,274,34242232433123423132144322332332422432111233
368,274,34244232333123423134114324334442424442433333
368,274,34244232333123423134114324334442424442433333
368,274,34142232443323443134144442332342424434133333
368,274,34244232333123423134114324334442424442433333
368,274,34242232443323443134144442332342424434133333
368,274,34242232443323443134144442332342424434133333
368,274,34244232333123423134114324334442424442433333
368,274,34242232443323443134144442332342444434133333
368,274,34242232443323443134144442332342424434133333
368,274,34244232333123423134114324334442424442433333
368,274,34244232333123423134314324334442424442433333
368,274,34242232443323443134144442332342424434133333
368,274,44242442434144424344144322132344424232133321
368,274,34244232333123423134114324334442424442433333
368,274,34242232443323443134144442332342424434133333
368,274,34244232333123423134114324334442424442433333
367,275,34242232443323443134144442332342424434133333
367,275,34244232333123423134114324334442424442433333
367,275,34242232443323443134144442332342444434133333
367,275,34244232333123423134314324334442424442433333
367,275,34242232443323443134144442332342424434133333
367,275,44242442434144424344144322132344424232133321
367,275,34244232333123423134314324334442424442433333
367,275,34244232333123423134312324334442424442433333
367,275,34244232333123423134114324334442424442433333
367,275,34242232443323443134144442332342424434133333
367,275,34242232443323443134144442332342444434133333
367,275,34244232333123423134114324334442424442433333
367,275,34242232433123423132144322332332422432111233
367,275,34242442434144424344144322132344424232133321
367,276,34142232443323443134144442332342424434133333
367,276,34242232443323443134144442332342424434133333
367,276,34242232443323443134144442332342424434133333
367,276,34242232433123423132144322332332422432111233
367,276,44242442434144424344144322132344424232133321
367,276,34142232443323443134144442332342424434133333
367,276,34242232443323443134144442332342424434133333
367,276,34244232333123423134312324334442424442433333
367,276,34244232333123423134314324334442424442433333
367,276,34242232443323443134144442332342424434133333
367,276,34242232443323443134144442332342424434133333
367,276,34242232443323443134144442332342424434133333
367,276,34242232443323443134144442332342424434133333
367,276,34242232443323443134144442332342424434133333
367,276,44242232433123423134144342332342424434133333
367,276,34142232443323443134144442332342424434133333
367,276,34242232443323443134144442332342424434133333
367,276,34242232443323443134144442332342444434133333
367,276,34242232433123423132144322332332422432111233
367,276,34244232333123423134114324334442424442433333
367,276,34242232443323443134144442332342424434133333
367,276,44242442434144424344144322132344424232133321
367,277,34244232333123423134114324334442424442433333
367,277,34242232443323443134144442332342424434133333
367,277,34242232443323443134144442332342444434133333
367,277,34244232333123423134314324334442424442433333
367,277,34242232443323443134144442332342424434133333
367,277,34244232333123423134114324334442424442433333
367,277,34242232443323443134144442332342424434133333
367,277,34242232443323443134144442332342424434133333
367,277,34242232443323443134144442332342424434133333
367,277,34244232333123423134312324334442424442433333
367,277,44242442434144424344144322132344424232133321
367,277,44242442434144424344144322132344424232133321
367,277,34244232333123423134114324334442424442433333
367,277,34242232443323443134144442332342424434133333
367,277,34242232443323443134144442332342424434133333
367,277,34244232333123423134114324334442424442433333
367,277,34142232443323443134144442332342424434133333
367,278,34244232333123423134344324334442424442433333
367,278,34244232333123423134114324334442424442433333
367,278,34242232443323443134144442332342424434133333
367,278,34244232333123423134314324334442424442433333
367,278,44242442434144424344144322132344424232133321
367,278,34142232443323443134144442332342424434133333
367,278,34244232333123423134144324334442424442433333
367,278,34244232333123423134114324334442424442433333
367,278,34142232443323443134144442332342424434133333
367,278,34244232333123423134342324334442424442433333
367,278,34242232443323443134144442332342444434133333
367,278,34242232443323443134144442332342444434133333
367,278,44242442434144424344144322132344424232133321
367,278,34244232333123423134144324334442424442433333
367,278,34242232433123423132144322332332422432111233
367,278,34242232443323443134144442332342444434133333
367,278,34142232443323443134144442332342424434133333
367,278,34244232333123423134314324334442424442433333
367,278,34242232443323443134144442332342424434133333
367,278,44242442434144424344144322132344424232133321
367,278,34242232443323443134144442332342424434133333
367,278,34242232443323443134144442332342424434133333
367,278,34244232333123423134114324334442424442433333
367,278,34242232443323443134144442332342424434133333
367,278,34242232443323443134144442332342424434133333
367,278,34244232333123423134314324334442424442433333
367,278,34242232443323443134144442332342424434133333
367,279,34242232443323443134144442332342444434133333
367,279,34142232443323443134144442332342424434133333
367,279,44242442434144424344144322132344424232133321
367,279,34244232333123423134344324334442424442433333
367,279,34242234443323443134144442332342224434133333
367,279,34244232333123423134144324334442424442433333
367,279,34142232443323443134144442332342424434133333
367,279,34242232433123423132144322332332422432111233
367,279,34242232443323443134144442332342424434133333
367,279,34244232333123423134342324334442424442433333
367,279,44242442434144424344144322132344424232133321
367,279,34244232333123423134114324334442424442433333
367,279,34242232443323443134144442332342424434133333
367,279,34242232433123423132144322332332422432111233
367,279,34242232443323443134144442332342424434133333
367,280,34242232443323443134144442332342424434133333
367,280,34242232443323443134144442332342424434133333
367,280,34242234443323443134144442332342224434133333
367,280,34244232333123423134344324334442424442433333
367,280,34242232443323443134144442332342424434133333
367,280,34244232333123423134314324334442424442433333
367,280,34242232443323443134144442332342424434133333
367,280,34244232333123423134312324334442424442433333
367,280,34244232333123423134114324334442424442433333
367,280,34242232443323443134144442332342424434133333
367,280,34244232333123423134314324334442424442433333
367,280,34242232443323443134144442332342424434133333
367,280,34242232443323443134144442332342424434133333
367,280,34242232443323443134144442332342424434133333
367,280,34244232333123423134312324334442424442433333
367,280,34242232443323443134144442332342444434133333
367,280,34244232333123423134342324334442424442433333
367,280,34242232443323443134144442332342424434133333
367,280,34242232443323443134144442332342424434133333
367,280,44242442434144424344144322132344424232133321
367,280,34244232333123423134314324334442424442433333
367,280,34244232333123423134314324334442424442433333
367,280,34242232443323443134144442332342424434133333
367,280,34242232443323443134144442332342424434133333
367,280,34242232443323443134144442332342444434133333
367,280,34242232443323443134144442332342444434133333
367,280,34244232333123423134312324334442424442433333
367,280,34242232443323443134144442332342424434133333
367,280,34242232433123423132144322332332422432133333
367,280,34244232333123423134144324334442424442433333
367,280,34242232433123423132144322332332422432111233
367,281,34244232333123423134314324334442424442433333
367,281,44242432434144424344144322132344424232133321
367,281,34242232443323443134144442332342444434133333
367,281,34244232333123423134314324334442424442433333
367,281,34242232443323443134144442332342424434133333
367,281,34244232333123423134312324334442424442433333
367,281,34142232443323443134144442332342424434133333
367,281,34242232443323443134144442332342424434133333
367,281,34242232443323443134144442332342424434133333
367,281,34242232443323443134144442332342424434133333
367,281,44242442434144424344144322132344424232133321
367,281,34142232443323443134144442332342424434133333
367,281,44242442434144424344144322132344424232133321
367,281,44242442434144424344144322132344424232133321
367,281,34242232433123423134144342332342424434133333
367,281,34244232333123423134314324334442424442433333
367,281,34242232443323443134144442332342424434133333
367,281,34242232443323443134144442332342424434133333
367,281,34242232443323443134144442332342424434133333
367,281,34242234443323443134144442332342224434133333
367,281,34244232333123423134314324334442424442433333
367,281,34242232443323443134144442332342424434133333
367,282,44242442434144424344144322132344424232133321
367,282,34142232443323443134144442332342424434133333
367,282,34244232333123423134312324334442424442433333
367,282,34242232443323443134144442332342424434133333
367,282,34244232333123423134114324334442424442433333
367,282,34242234443323443134144442332342224434133333
367,282,34244232333123423134114324334442424442433333
367,282,34242232433123423132144322332332422432111233
367,282,34242232443323443134144442332342444434133333
367,282,34244232333123423134312324334442424442433333
367,282,34142232443323443134144442332342424434133333
367,282,44242442434144424344144322132344424232133321
367,282,34242232443323443134144442332342444434133333
367,282,34244232333123423134114324334442424442433333
367,282,34242232443323443134144442332342444434133333
367,282,34242232443323443134144442332342444434133333
367,282,34242232443323443134144442332342424434133333
367,282,44242442434144424344144322132344424232133321
367,282,34142232443323443134144442332342424434133333
367,282,34242232443323443134144442332342424434133333
367,282,34242232443323443134144442332342424434133333
367,282,34242232433123423134144322332342422432133333
367,282,34244232333123423134314324334442424442433333
360,283,34242232443323443134144442332342424434133333
360,283,34242232443323443134144442332342424434133333
360,283,34142232443323443134144442332342424434133333
360,283,34142232443323443134144442332342424434133333
360,283,34244232333123423134312324334442424442433333
360,283,34242232443323443134144442332342424434133333
360,283,44242442434144424344144322132344424232133321
360,283,34242232443323443134144442332342424434133333
360,283,34242232443323443134144442332342424434133333
360,283,44242442434144424344144322132344424232133321
360,283,34244232333123423134312324334442424442433333
360,283,34244232333123423134114324334442424442433333
360,283,34244232333123423134114324334442424442433333
360,283,34244232333123423134314324334442424442433333
360,283,34142232443323443134144442332342424434133333
360,283,34244232333123423134114324334442424442433333
360,283,34242234443323443134144442332342224434133333
360,283,34244232333123423134312324334442424442433333
360,283,34244232333123423134314324334442424442433333
360,283,34242232443323443134144442332342424434133333
360,283,44242442434144424344144322132344424232133321
360,283,34244232333123423134312324334442424442433333
360,283,34244232333123423134314324334442424442433333
360,283,34244232333123423134312324334442424442433333
360,284,34242232443323443134144442332342424434133333
360,284,34242232443323443134144442332342424434133333
360,284,34244232333123423134114324334442424442433333
360,284,44242442434144424344144322132344424232133321
360,284,34244232333123423134114324334442424442433333
360,284,34242232443323443134144442332342424434133333
360,284,34242232433123423132144322332332422432111233
360,284,34142232443323443134144442332342424434133333
360,284,34242232443323443134144442332342424434133333
360,284,44242442434144424344144322132344424232133321
360,284,34242232443323443134144442332342424434133333
361,286,34244232333123423134314324334442424442433333
361,286,34242232443323443134144442332342424434133333
361,286,34242232443323443134144442332342424434133333
361,286,34244232333123423134314324334442424442433333
361,286,34242234443323443134144442332342224434133333
361,286,34244232333123423134314324334442424442433333
361,286,34242232443323443134144442332342424434133333
361,286,34244232333123423134312324334442424442433333
361,286,44242442434144424344144322132344424232133321
361,286,34242232443323443134144442332342424434133333
361,286,34244232333123423134312324334442424442433333
361,286,34242232443323443134144442332342424434133333
361,286,44242442434144424344144322132344424232133321
361,286,34244232333123423134314324334442424442433333
361,286,44242442434144424344144322132344424232133321
361,286,34242232443323443134144442332342424434133333
361,286,34244232333123423134314324334442424442433333
361,286,34242232443323443134144442332342424434133333
361,286,34242232443323443134144442332342424434133333
361,286,34242232443323443134144442332342424434133333
361,286,34142232443323443134144442332342424434133333
361,286,44242432434144424344144322132344424232133321
367,288,34242232433123423132144322332332422432111233
367,288,34244232333123423134314324334442424442433333
367,288,44242442434144424344144322132344424232133321
367,288,34242232433123423132144322332332422432111233
367,288,34244232333123423134314324334442424442433333
367,288,44242432434144424344144322132344424232133321
367,288,34242234443323443134144442332342224434133333
367,288,34242232443323443134144442332342424434133333
367,288,34244232433123443134344324334442424444133333
367,288,44242432434144424344144322132344424232133321
367,288,34242232443323443134144442332342424434133333
367,288,34142232443323443134144442332342424434133333
367,288,34242232443323443134144442332342424434133333
