true_positive,false_positive,alpha,beta,gamma,delta,ba.1,ba.2,ba.4,ba.5,ba.2.12.1,eu1,b1,alpha-alt,beta-alt,gamma-alt,delta-alt,ba.1-alt,ba.2-alt,ba.4-alt,ba.5-alt,ba.2.12.1-alt,eu1-alt,b1-alt,threshold
4178,7363,324,330,408,467,696,740,9999,9999,9999,233,105,9999,9999,9999,9999,9999,9999,9999,9999,9999,9999,112,0.005
3463,4942,324,330,413,467,696,740,9999,9999,9999,239,108,9999,9999,9999,9999,9999,9999,9999,9999,9999,9999,112,0.01
3016,3612,324,330,425,467,696,740,9999,9999,9999,239,108,9999,9999,9999,9999,9999,9999,9999,9999,9999,9999,112,0.015
2645,2748,324,330,425,467,696,740,9999,9999,9999,254,109,9999,9999,9999,9999,9999,9999,9999,9999,9999,9999,112,0.02
2395,2139,324,330,425,467,696,740,9999,9999,9999,253,109,9999,9999,9999,9999,9999,9999,9999,9999,9999,9999,116,0.025
2209,1695,324,330,425,481,696,740,9999,9999,9999,254,109,9999,9999,9999,9999,9999,9999,9999,9999,9999,9999,229,0.03
2046,1392,324,330,408,481,696,754,9999,9999,9999,254,125,9999,9999,9999,9999,9999,9999,9999,9999,9999,9999,229,0.0349999999999999
1923,1142,324,330,408,481,696,754,9999,9999,9999,254,125,9999,9999,9999,9999,9999,9999,9999,9999,9999,9999,229,0.04
1803,948,324,330,413,481,696,754,9999,9999,9999,254,125,9999,9999,9999,9999,9999,9999,9999,9999,9999,9999,278,0.045
1708,782,326,331,425,481,696,754,9999,9999,9999,257,125,9999,9999,9999,9999,9999,9999,9999,9999,9999,9999,278,0.0499999999999999
1611,654,326,331,425,481,696,754,9999,9999,9999,261,125,9999,9999,9999,9999,9999,9999,9999,9999,9999,9999,278,0.055
1533,540,326,331,425,482,696,749,9999,9999,9999,261,125,9999,9999,9999,9999,9999,9999,9999,9999,9999,9999,278,0.06
1465,456,326,331,425,482,696,749,9999,9999,9999,261,125,9999,9999,9999,9999,9999,9999,9999,9999,9999,9999,278,0.065
1398,390,326,331,425,482,696,749,9999,9999,9999,261,125,9999,9999,9999,9999,9999,9999,9999,9999,9999,9999,278,0.07
1354,334,326,331,425,482,696,749,9999,9999,9999,261,125,9999,9999,9999,9999,9999,9999,9999,9999,9999,9999,278,0.075
1296,287,326,331,425,482,696,749,9999,9999,9999,261,125,9999,9999,9999,9999,9999,9999,9999,9999,9999,9999,278,0.08
1253,245,326,331,425,482,696,749,9999,9999,9999,261,125,9999,9999,9999,9999,9999,9999,9999,9999,9999,9999,278,0.085
1193,209,326,331,425,482,696,749,9999,9999,9999,261,125,9999,9999,9999,9999,9999,9999,9999,9999,9999,9999,278,0.09
1144,181,326,331,425,482,696,749,9999,853,9999,272,125,9999,9999,9999,9999,9999,9999,9999,9999,9999,9999,278,0.095
1108,163,326,331,425,482,696,749,9999,853,9999,272,125,9999,9999,9999,9999,9999,9999,9999,9999,9999,9999,278,0.1
1066,140,326,331,425,482,696,749,9999,853,9999,272,125,9999,9999,9999,9999,9999,9999,9999,9999,9999,9999,278,0.105
1049,128,326,331,425,482,696,749,9999,853,9999,272,134,9999,9999,9999,9999,9999,9999,9999,9999,9999,9999,278,0.11
1027,122,326,331,425,485,696,754,9999,853,9999,272,156,9999,9999,9999,9999,9999,9999,9999,9999,9999,9999,278,0.115
987,100,326,331,425,485,696,755,9999,853,9999,272,157,9999,9999,9999,9999,9999,9999,9999,9999,9999,9999,278,0.12
957,99,334,331,425,482,696,755,9999,853,9999,272,157,9999,9999,9999,9999,9999,9999,9999,9999,9999,9999,278,0.125
931,87,334,331,425,488,696,755,9999,853,9999,272,157,9999,9999,9999,9999,9999,9999,9999,9999,9999,9999,278,0.13
910,79,334,331,425,488,696,755,875,9999,9999,272,157,9999,9999,9999,9999,9999,9999,9999,9999,9999,9999,278,0.135
882,72,334,331,425,488,696,755,9999,9999,9999,272,157,9999,9999,9999,9999,9999,9999,9999,9999,9999,9999,278,0.14
859,62,334,331,425,488,696,755,9999,9999,9999,272,157,9999,9999,9999,9999,9999,9999,9999,9999,9999,9999,278,0.145
832,55,334,331,425,488,698,755,9999,9999,9999,278,157,9999,9999,9999,9999,9999,9999,9999,9999,9999,9999,278,0.15
813,50,334,331,425,488,698,740,9999,9999,9999,278,157,9999,9999,9999,9999,9999,9999,9999,9999,9999,9999,278,0.155
788,44,334,331,425,488,706,740,9999,9999,9999,278,157,9999,9999,9999,9999,9999,9999,9999,9999,9999,9999,278,0.16
770,42,334,331,425,491,706,740,9999,9999,9999,278,157,9999,9999,9999,9999,9999,9999,9999,9999,9999,9999,278,0.165
756,42,334,331,425,491,706,740,874,9999,9999,278,157,9999,9999,9999,9999,9999,9999,9999,9999,9999,9999,278,0.17
731,41,334,348,425,491,706,740,874,9999,9999,278,157,9999,9999,9999,9999,9999,9999,9999,9999,9999,9999,278,0.175
706,38,334,348,425,491,706,740,874,9999,9999,278,157,9999,9999,9999,9999,9999,9999,9999,9999,9999,9999,278,0.18
688,36,334,348,425,491,706,740,874,9999,9999,278,157,9999,9999,9999,9999,9999,9999,9999,9999,9999,9999,278,0.185
679,31,334,348,425,491,706,740,874,9999,9999,278,157,9999,9999,9999,9999,9999,9999,9999,9999,9999,9999,278,0.19
662,31,334,348,425,491,706,740,874,9999,9999,278,157,9999,9999,9999,9999,9999,9999,9999,9999,9999,9999,278,0.195
649,28,334,348,425,491,706,740,874,9999,9999,278,157,9999,9999,9999,9999,9999,9999,9999,9999,9999,9999,278,0.2
630,29,334,348,425,491,706,740,874,9999,9999,278,157,9999,9999,9999,9999,9999,9999,9999,9999,9999,9999,278,0.205
617,27,334,348,425,491,706,740,874,9999,9999,278,157,9999,9999,9999,9999,9999,9999,9999,9999,9999,9999,385,0.21
608,26,334,348,425,491,706,740,874,9999,9999,278,157,9999,9999,9999,9999,9999,9999,9999,9999,9999,9999,385,0.215
595,25,334,348,425,491,706,740,874,9999,9999,278,157,9999,9999,9999,9999,9999,9999,9999,9999,9999,9999,385,0.22
580,24,334,348,425,491,706,740,875,9999,9999,278,169,9999,9999,9999,9999,9999,9999,9999,9999,9999,9999,385,0.225
566,24,334,348,425,491,706,740,875,9999,9999,278,170,9999,9999,9999,9999,9999,9999,9999,9999,9999,9999,385,0.23
555,23,334,348,425,491,706,740,875,9999,9999,278,170,9999,9999,9999,9999,9999,9999,9999,9999,9999,9999,385,0.235
544,21,334,348,425,491,706,740,875,9999,9999,278,180,9999,9999,9999,9999,9999,9999,9999,9999,9999,9999,385,0.24
534,21,334,348,425,491,706,740,9999,9999,9999,278,184,9999,9999,9999,9999,9999,9999,9999,9999,9999,9999,385,0.245
523,19,334,348,425,491,706,740,9999,9999,9999,278,184,9999,9999,9999,9999,9999,9999,9999,9999,9999,9999,385,0.25
