nucleotides,mutant_nuc,reference_nuc,sites,synonymous,aa_mutations,selection_coefficient,selection_independent,error,variant_names
13665/14120,G/G,A/A,NSP12-76-0/NSP12-227-2,NS/S,T>A/P>P,-0.023028103525968256,0.003732084785612088,0.005042266412118792,Group 52
25978/9476,T/A,G/T,ORF3a-196-1/NSP4-308-1,NS/NS,G>V/F>Y,-0.018481381118300628,-0.04642816626501735,0.004857558443619353,Group 163
18166/21517,T/T,C/G,NSP14-43-1/NSP16-287-1,NS/NS,P>L/R>I,-0.014855240653686895,-0.0633528678571437,0.004589845531808864,Group 97
24186/4925/27896/7563,A/G/C/A,T/A/A/C,S-875-2/NSP3-736-1/ORF8-2-0/NSP3-1615-2,S/NS/NS/S,S>S/D>G/K>Q/S>S,-0.01176071487974367,0.017795548560124604,0.005049309080544192,Group 146
13992/5628/9525/16888/26875/28974/29398,T/T/T/G/C/C/A,G/G/G/A/T/G/G,NSP12-185-0/NSP3-970-2/NSP4-324-2/NSP13-218-1/M-118-2/N-234-2/N-376-0,NS/S/NS/NS/S/NS/NS,A>S/T>T/M>I/K>R/I>I/M>I/A>T,-0.011415802944781797,-0.30521807205415963,0.003609758341513587,Group 62
10030/7611/7615/8321/8895/9793/13433/21548/26776/6157/8347,A/G/G/C/A/T/G/A/G/T/G,T/T/A/G/T/G/T/C/T/G/A,NSP4-493-0/NSP3-1631-2/NSP3-1633-0/NSP3-1868-1/NSP4-114-2/NSP4-414-0/NSP10-137-1/NSP16-297-2/M-85-2/NSP3-1147-0/NSP3-1877-0,NS/NS/NS/NS/S/NS/NS/NS/S/NS/NS,S>T/N>K/N>D/R>P/T>T/E>*/M>R/N>K/A>A/G>C/S>G,-0.010897120441155508,0.0007386699050449425,0.005084649079365706,Group 1
49/52,G/C,C/G,NC-49/NC-52,S/S,NC-49/NC-52,-0.007849650963507286,0.017970165694131963,0.005123464425006935,Group 193
53/58,G/G,T/C,NC-53/NC-58,S/S,NC-53/NC-58,-0.006937861193489693,0.050959204882454534,0.00512310647085312,Group 197
2706/8743,G/C,A/T,NSP2-634-2/NSP4-64-0,S/NS,T>T/F>L,-0.0068540282556176415,-0.0062608102948842285,0.0051140727450573464,Group 168
108/109,C/G,G/C,NC-108/NC-109,S/S,NC-108/NC-109,-0.006606190166492854,0.07471285079902862,0.005123222548997687,Group 12
21529/21533/21534/21535,G/A/T/C,C/T/G/A,NSP16-291-1/NSP16-292-2/NSP16-293-0/NSP16-293-1,NS/NS/NS/NS,S>C/S>R/D>Y/D>A,-0.006157094929395203,0.008016883848790554,0.005032570416526908,Group 117
1926/22254,C/T,T/A,NSP2-374-2/S-231-2,S/S,T>T/I>I,-0.005838812193572426,-0.07983237575978325,0.0038931932259853356,Group 101
10339/22410,A/C,C/A,NSP5-96-0/S-283-2,NS/S,P>T/G>G,-0.005743821386137592,0.00010467098694323115,0.00510819017549107,Group 6
11131/5169,T/T,G/C,NSP6-54-0/NSP3-817-2,NS/S,A>S/Y>Y,-0.005729741736664399,-0.03438868498531383,0.004552019256651675,Group 22
14645/28689,A/C,T/G,NSP12-402-2/N-139-2,S/NS,T>T/L>F,-0.005614981137689667,0.001596208659410861,0.0048273051350670925,Group 71
13964/3983/13970/13992/13993,A/G/-/C/A,C/C/C/G/C,NSP12-175-2/NSP3-422-1/NSP12-177-2/NSP12-185-0/NSP12-185-1,NS/NS/NS/NS/NS,Y>*/T>R/N>-/A>P/A>D,-0.005543144998815759,-0.023675435534371764,0.005123419183184494,Group 60
11048/11631,G/A,T/T,NSP6-26-1/NSP6-220-2,NS/NS,V>G/F>L,-0.005370157503009383,-0.006543525447836277,0.004864332529308018,Group 18
13970/13992/13993,G/-/-,C/G/C,NSP12-177-2/NSP12-185-0/NSP12-185-1,NS/NS/NS,N>K/A>-/A>-,-0.004517646148300594,-0.020876558294326192,0.005123419183184494,Group 61
113/116/121/122,C/G/C/G,G/C/A/C,NC-113/NC-116/NC-121/NC-122,S/S/S/S,NC-113/NC-116/NC-121/NC-122,-0.004270424591385356,0.15154373465742538,0.0051234609192535325,Group 23
496/8621,G/C,A/T,NSP1-78-0/NSP4-23-1,NS/NS,T>A/I>T,-0.003956464712266872,0.006417906189469351,0.004913863303425663,Group 195
11532/26423,G/C,A/T,NSP6-187-2/E-60-2,S/S,R>R/S>S,-0.0036272338163015764,-0.016302245872723033,0.005003488464848963,Group 28
7534/8222,G/G,A/A,NSP3-1606-0/NSP3-1835-1,NS/NS,T>A/E>G,-0.0030126391478464743,2.8151586266555305e-16,0.005109193093734423,Group 209
29530/29531,C/T,T/A,N-420-0/N-420-1,NS/NS,*>Q/*>L,-0.002692598972585989,-0.00968021338688514,0.005123071560425855,Group 186
11572/4105/9434,G/C/C,T/A/T,NSP6-201-0/NSP3-463-0/NSP4-294-1,NS/NS/NS,F>V/K>Q/V>A,-0.0026675984955084227,0.009613770989438863,0.004948004676247156,Group 30
7025/7028,A/G,T/C,NSP3-1436-1/NSP3-1437-1,NS/NS,M>K/S>C,-0.002610010692592766,-0.0016357385469825492,0.005123418684184964,Group 206
14119/2109,T/T,C/C,NSP12-227-1/NSP2-435-2,NS/S,P>L/N>N,-0.0025689776348057696,0.057888449376973454,0.002084885420672856,Group 64
3930/695,C/C,T/A,NSP3-404-2/NSP1-144-1,S/NS,V>V/D>A,-0.0023795769895274222,-0.019087702384393605,0.0046049215760872115,Group 190
11458/18213,G/A,T/G,NSP6-163-0/NSP14-59-0,NS/NS,S>A/G>S,-0.002247088579763283,-0.03323967110680674,0.004974216162104153,Group 27
10953/11234/11238,G/G/G,C/C/T,NSP5-300-2/NSP6-88-1/NSP6-89-2,NS/NS/NS,C>W/A>G/S>R,-0.0021822692447930163,-0.013926908067269738,0.005123327757389192,Group 14
13272/13284/13287/24111,G/-/-/-,T/A/A/T,NSP10-83-2/NSP10-87-2/NSP10-88-2/S-850-2,NS/NS/NS/NS,H>Q/K>-/G>-/I>-,-0.0020262693521901215,-0.003776753796969746,0.005123464330322454,Group 47
1056/1328/26179,G/G/A,C/C/T,NSP2-84-2/NSP2-175-1/ORF3a-263-1,NS/NS/NS,D>E/T>S/I>N,-0.0017764568833738806,-0.0007961080768935311,0.0051234507138530104,Group 8
11841/12758,A/G,G/A,NSP6-290-2/NSP9-25-1,S/NS,Q>Q/D>G,-0.0017450820507938676,-0.01061647736699408,0.005004417619400483,Group 34
2281/9741,A/C,G/T,NSP2-493-0/NSP4-396-2,NS/S,E>K/N>N,-0.0015894480407456927,-0.0035365232403477974,0.005029932737376893,Group 140
29453/7563,C/-,T/C,N-394-1/NSP3-1615-2,NS/NS,L>P/S>-,-0.0014783589736179987,-0.005969866153470067,0.005123071560425855,Group 184
647/649,T/T,A/A,NSP1-128-1/NSP1-129-0,NS/NS,N>I/K>*,-0.0014432582103419797,-1.8910489582448533e-05,0.0051234128676524845,Group 201
22421/22425,T/G,A/T,S-287-1/S-288-2,NS/S,D>V/A>A,-0.0013900970629595573,-0.00045112479237951477,0.005123432542351744,Group 137
16520/16521,G/T,T/A,NSP13-95-2/NSP13-96-0,NS/NS,N>K/T>S,-0.0012160996326494489,-0.0022044883389298687,0.005123470310809335,Group 85
29658/29661,G/A,C/T,ORF10-34-2/ORF10-35-2,NS/NS,N>K/F>L,-0.0012065394217738996,0.025399114519045855,0.005123182460106094,Group 187
28131/28138/28149,G/G/G,C/C/T,ORF8-80-1/ORF8-82-2/ORF8-86-1,NS/S/NS,T>R/S>S/F>C,-0.0011122060446692162,-8.188615557309866e-05,0.00512346301651184,Group 176
262/265,T/T,A/A,NC-262/NSP1-1-0,S/NS,NC-262/M>L,-0.0010675562881966908,0.002872719835738483,0.005123291742161675,Group 166
20399/21458,T/-,A/C,NSP15-260-2/NSP16-267-2,NS/NS,E>D/I>-,-0.0009272082664905728,1.1655574831697153e-05,0.005123408276879288,Group 111
2341/26068,G/G,A/A,NSP2-513-0/ORF3a-226-1,NS/NS,I>V/E>G,-0.0008835783409076759,-0.02806574277142717,0.004761511318168752,Group 144
21534/21535/21536/21538/21543,A/G/A/C/C,G/A/T/T/G,NSP16-293-0/NSP16-293-1/NSP16-293-2/NSP16-294-1/NSP16-296-0,NS/NS/NS/NS/NS,D>N/D>G/D>E/V>A/V>L,-0.0008705257853785492,0.001988186162675408,0.005122299168555959,Group 118
10982/22944,G/T,A/C,NSP6-4-1/S-461-2,NS/S,K>R/L>L,-0.000831255926881364,0.045115200398486835,0.0044295494908982,Group 17
20030/20032,G/C,C/G,NSP15-137-2/NSP15-138-1,S/NS,A>A/R>P,-0.0007557586246749177,0.0006336733008723786,0.005123431211676247,Group 105
13729/14235/17251,A/T/C,C/A/G,NSP12-97-1/NSP12-266-0/NSP13-339-1,NS/NS/NS,A>D/I>F/R>P,-0.0007391954927240954,-0.003070230518732668,0.005123358717018486,Group 56
12884/13967,A/G,C/C,NSP9-67-1/NSP12-176-2,NS/S,T>K/A>A,-0.000726822379377719,-0.0016542148230178119,0.005123441681817335,Group 43
11079/2779/19670,C/T/G,T/G/A,NSP6-36-2/NSP3-21-0/NSP15-17-2,S/NS/S,F>F/V>L/G>G,-0.0006816984951549937,-0.0008445732013123413,0.005111868808328272,Group 19
6958/6961,C/G,T/T,NSP3-1414-0/NSP3-1415-0,NS/NS,W>R/F>V,-0.0006420310531948573,-0.0015938232491078856,0.00512310256913931,Group 204
5258/5273,A/G,C/C,NSP3-847-1/NSP3-852-1,NS/NS,T>N/A>G,-0.0006281741022047794,-0.002275097441422646,0.00512341521934097,Group 196
3329/3342,G/G,C/T,NSP3-204-1/NSP3-208-2,NS/NS,T>S/N>K,-0.0005988516667566955,-0.0008414349193880958,0.005123464086445963,Group 188
7033/7034/7037,A/G/C,T/T/G,NSP3-1439-0/NSP3-1439-1/NSP3-1440-1,NS/NS/NS,L>I/L>*/G>A,-0.0005755588514354807,-0.001874625784242389,0.005123436393639555,Group 207
6915/6924,G/T,T/A,NSP3-1399-2/NSP3-1402-2,NS/S,Y>*/S>S,-0.0005556358702628742,-0.0015703164573593594,0.005123340231756989,Group 203
12430/14112,G/C,T/A,NSP8-114-0/NSP12-225-0,NS/NS,C>G/T>P,-0.0005328702575070992,-0.0013098771479067978,0.005101197796192068,Group 38
6878/6888,C/T,G/A,NSP3-1387-1/NSP3-1390-2,NS/NS,S>T/K>N,-0.0004936025817760483,-0.00152306645719861,0.005122719957584778,Group 202
6972/6973,T/C,A/A,NSP3-1418-2/NSP3-1419-0,NS/NS,L>F/S>R,-0.00047935729060846245,-0.0015932598155527203,0.005122756465029566,Group 205
28215/28218/28222,G/A/C,T/T/G,ORF8-108-1/ORF8-109-1/ORF8-110-2,NS/NS/NS,F>C/L>*/E>D,-0.00046207580361014154,-0.0035090030637967198,0.005123353145062631,Group 178
19649/9432,G/T,A/A,NSP15-10-2/NSP4-293-2,S/S,V>V/V>V,-0.0003854638804557678,-0.0019921980972941343,0.0050785124672953754,Group 102
15920/8412,A/G,G/A,NSP12-827-2/NSP3-1898-2,S/S,V>V/K>K,-0.0003756866064191413,-0.0098733574246216,0.004967300887272871,Group 81
6027/9879,G/C,A/T,NSP3-1103-2/NSP4-442-2,S/S,P>P/N>N,-0.00030039479013887354,-0.0002236841554967578,0.0051080879763855044,Group 199
21804/21805/21812/21831/21832/21833/21836,A/A/G/A/G/G/G,C/C/T/T/T/A/T,S-81-2/S-82-0/S-84-1/S-90-2/S-91-0/S-91-1/S-92-1,NS/NS/NS/S/NS/NS/NS,N>K/P>T/L>R/V>V/Y>D/Y>C/F>C,-0.0002845078586503808,-0.0003471129000268612,0.00512346265990993,Group 123
21802/21809,T/-,A/T,S-81-0/S-83-1,NS/NS,N>Y/V>-,-0.00025319122428621454,1.2187641028615348e-16,0.005115246820965324,Group 122
28130/28131,G/A,A/C,ORF8-80-0/ORF8-80-1,NS/NS,T>A/T>K,-0.0002405911944666359,-0.0002827481003060624,0.005054081827027978,Group 175
19718/24426,C/G,A/T,NSP15-33-2/S-955-2,S/NS,T>T/N>K,-0.00021875834355430978,-0.0011618541048786207,0.005123384426296635,Group 104
21594/28691,G/C,C/A,S-11-2/N-140-1,S/NS,V>V/N>T,-0.0001791911841587044,-0.003372065827055622,0.005122598603148847,Group 120
17562/17563,G/A,C/G,NSP13-443-0/NSP13-443-1,NS/NS,R>G/R>H,-7.771226952480421e-05,-1.0073780513729323e-16,0.00510506987000839,Group 93
21872/21873,T/T,G/G,S-104-1/S-104-2,NS/NS,W>L/W>C,1.5028674901162237e-05,1.2531168043180275e-05,0.005123243688923654,Group 130
21818/21827,C/A,T/G,S-86-1/S-89-1,NS/NS,F>S/G>D,6.257743162182919e-05,0.00011044865059690182,0.005123402130278089,Group 126
21541/21544,G/C,T/T,NSP16-295-1/NSP16-296-1,NS/NS,L>R/V>A,6.463648736377876e-05,1.182222370236247e-15,0.005118290171732923,Group 119
29353/29354,T/C,A/A,N-361-0/N-361-1,NS/NS,K>*/K>T,8.177892952816951e-05,-0.003109520976571273,0.005123464690635319,Group 183
28212/28214/28215/28221,C/A/A/G,A/T/T/A,ORF8-107-1/ORF8-108-0/ORF8-108-1/ORF8-110-1,NS/NS/NS/NS,D>A/F>I/F>Y/E>G,8.456631402763734e-05,-0.0035953582777197473,0.005123135829936389,Group 177
25806/25826,A/A,T/T,ORF3a-139-0/ORF3a-145-2,NS/NS,L>I/Y>*,0.0001211540808199523,-1.7800716083377018e-05,0.005123426107777632,Group 159
19073/7820,-/A,T/C,NSP14-345-2/NSP3-1701-1,NS/NS,D>-/S>Y,0.0001479003986832718,0.0007016024403043015,0.005123365716853775,Group 100
20427/9752/27847,G/C/T,C/G/A,NSP15-270-0/NSP4-400-1/ORF7b-31-1,NS/NS/NS,P>A/R>T/H>L,0.0002294864710652788,-0.00041948345268378966,0.005123455867726195,Group 112
2281/2283,C/C,G/G,NSP2-493-0/NSP2-493-2,NS/NS,E>Q/E>D,0.0002615541101236848,-0.000621133706758888,0.005123468265234797,Group 141
17532/2283,T/A,G/G,NSP13-433-0/NSP2-493-2,NS/S,G>C/E>E,0.00029218324499671606,0.0003801651653828117,0.005034622270587463,Group 92
21524/21527,G/C,T/T,NSP16-289-2/NSP16-290-2,S/S,V>V/I>I,0.00032441064967486416,-4.072674405267813e-15,0.005119150969163941,Group 116
14583/20236/20237,C/-/-,G/G/G,NSP12-382-0/NSP15-206-1/NSP15-206-2,NS/NS/NS,A>P/R>-/R>-,0.0004040596216475312,-0.002866276110541089,0.0051234692715798795,Group 70
493/495/497,G/T/G,C/A/C,NSP1-77-0/NSP1-77-2/NSP1-78-1,NS/S/NS,R>G/R>R/T>S,0.0004150725514143513,0.007536310986288522,0.005123465923709434,Group 194
21813/21815/21817/21821,C/G/G/G,A/C/T/A,S-84-2/S-85-1/S-86-0/S-87-1,S/NS/NS/NS,L>L/P>R/F>V/N>S,0.0004465874045530202,0.0006974129893955376,0.005123426856280235,Group 125
9874/9879/9891/9877,A/A/A/G,T/T/T/A,NSP4-441-0/NSP4-442-2/NSP4-446-2/NSP4-442-0,NS/NS/S/NS,Y>N/N>K/A>A/N>D,0.000497203422320945,-0.002218218050584226,0.0051228314606646995,Group 212
21826/21834,C/G,G/T,S-89-0/S-91-2,NS/NS,G>R/Y>*,0.0005328993177962436,0.00032908823392994557,0.005123389407753934,Group 127
11086/24919,A/T,G/A,NSP6-39-0/S-1120-0,NS/NS,E>K/T>S,0.0005362987033845342,0.0005405590101173641,0.005119139198694131,Group 20
20262/20263,A/T,G/A,NSP15-215-0/NSP15-215-1,NS/NS,E>K/E>V,0.0006503883022842614,-6.33654026847366e-16,0.005119533804731986,Group 108
11307/29385,G/G,C/C,NSP6-112-2/N-371-2,NS/NS,D>E/D>E,0.0007797953470589866,-0.007543268913066847,0.005123349538334424,Group 24
23646/4912,T/A,C/G,S-695-2/NSP3-732-0,S/NS,Y>Y/V>I,0.0008346527845938673,-0.001661992063018833,0.005059727306357302,Group 145
20116/20143,G/C,C/A,NSP15-166-1/NSP15-175-1,NS/NS,T>R/Q>P,0.0008388455764932173,-0.0017230326498663,0.005123468265234797,Group 106
4039/6990,C/C,A/T,NSP3-441-0/NSP3-1424-2,NS/S,I>L/S>S,0.0009197765668079828,-0.0013536916297751033,0.005108732744900104,Group 191
16538/16558,A/A,T/C,NSP13-101-2/NSP13-108-1,NS/NS,D>E/A>E,0.0010307152288014723,-0.0017659645487545568,0.005123463509894437,Group 86
21870/21874/21882/21884/21936/21963,-/-/-/-/G/-,C/A/T/C/T/A,S-103-2/S-105-0/S-107-2/S-108-1/S-125-2/S-134-2,NS/NS/NS/NS/NS/NS,G>-/I>-/G>-/T>-/N>K/Q>-,0.0010818680987426466,0.0009433488121942372,0.005123469579305354,Group 129
27808/27824/27913,G/G/G,A/A/A,ORF7b-18-1/ORF7b-24-2/ORF8-7-2,NS/S/S,Y>C/L>L/L>L,0.0011369554551957982,0.0014481940180878893,0.004995306945706738,Group 172
27605/27615,C/G,A/T,ORF7a-71-2/ORF7a-75-0,S/NS,V>V/Y>D,0.0011706130173616955,0.002823916894220398,0.005123464086445963,Group 170
27932/27934,C/G,G/T,ORF8-14-0/ORF8-14-2,NS/S,A>P/A>A,0.0012000092748869046,0.00016807547537201533,0.005123152933913875,Group 174
12643/23682,T/-,A/C,NSP8-185-0/S-707-2,NS/NS,I>F/Y>-,0.00127198974100478,-0.0003909049037366374,0.0051234072046770695,Group 41
13722/702,C/G,G/C,NSP12-95-0/NSP1-146-2,NS/S,A>P/G>G,0.001333598635445466,0.0004058145796968831,0.005123301708644185,Group 55
22126/23875,T/A,C/G,S-189-0/S-772-0,NS/NS,L>F/V>I,0.0013935935518987895,-0.07619679742085433,0.004633750039319281,Group 135
13861/8759,A/G,C/C,NSP12-141-1/NSP4-69-1,NS/NS,T>K/A>G,0.0014930867029674345,-0.0009461091112180661,0.005123400413225671,Group 57
27893/27894,C/A,A/T,ORF8-1-0/ORF8-1-1,NS/NS,M>L/M>K,0.001579049024089473,0.02471479066806355,0.005123429795275679,Group 173
22029/9544,C/A,G/T,S-156-2/NSP4-331-0,NS/NS,E>D/L>I,0.001728475757608178,0.3003384318303323,0.005123253539983139,Group 133
1317/21191,G/G,A/T,NSP2-171-2/NSP16-178-2,S/S,K>K/A>A,0.0017625265222241241,8.496577628051941e-05,0.005106431334214226,Group 46
2772/2784,A/A,C/T,NSP3-18-2/NSP3-22-2,NS/NS,Y>*/N>K,0.0017735796765860957,0.001542787536238699,0.00512334701273361,Group 171
21757/26303/7046,G/G/A,C/T/C,S-66-0/E-20-2/NSP3-1443-1,NS/NS/NS,H>D/F>L/S>Y,0.0018195910918337474,0.000662361696857782,0.005121517681150931,Group 121
25877/25878/25880,C/A/T,T/G/A,ORF3a-162-2/ORF3a-163-0/ORF3a-163-2,S/NS/S,S>S/V>I/V>V,0.0018590003407636638,-0.028384065089456036,0.005043288181030077,Group 161
22590/9143,-/A,C/C,S-343-2/NSP4-197-1,NS/NS,N>-/S>Y,0.0019032778654867095,-0.0003193250074636763,0.005123404562558725,Group 138
4135/4143/4147,C/C/C,G/G/G,NSP3-473-0/NSP3-475-2/NSP3-477-0,NS/NS/NS,V>L/E>D/V>L,0.0020186319990394665,0.00659921301227551,0.0051234140652475215,Group 192
24204/8119,T/C,A/G,S-881-2/NSP3-1801-0,S/NS,T>T/E>Q,0.0020661349824913832,0.0032934659660602793,0.0050718659272376105,Group 147
379/380,A/A,T/T,NSP1-39-0/NSP1-39-1,NS/NS,L>I/L>*,0.0021029578367654867,-0.003824270960438121,0.005082640462313242,Group 189
21838/21860,C/A,G/T,S-93-0/S-100-1,NS/NS,A>P/I>K,0.0022132918340112607,0.0006197776859350286,0.005123468506296935,Group 128
10728/10729,G/T,A/A,NSP5-225-2/NSP5-226-0,S/NS,T>T/T>S,0.002234508790063425,0.0011551366208575925,0.005072725029430146,Group 11
15476/20621/20623,T/T/T,A/A/A,NSP12-679-2/NSP15-334-2/NSP15-335-1,S/NS/NS,G>G/K>N/D>V,0.002391389405402772,-0.0054967700454294196,0.005065494466346603,Group 78
25709/814,A/A,C/C,ORF3a-106-2/NSP2-4-0,S/NS,L>L/R>S,0.002420606080857159,-0.01649327730926053,0.005122464053890168,Group 157
17817/21870,-/G,C/C,NSP13-528-0/S-103-2,NS/S,L>-/G>G,0.0024531561822313894,0.0024005115707464598,0.005123427580472809,Group 94
11832/27705,A/A,C/G,NSP6-287-2/ORF7a-105-0,S/NS,A>A/A>T,0.002479373758793614,0.0007672421169903683,0.005102527186925621,Group 32
13913/21611,C/G,T/A,NSP12-158-2/S-17-1,S/NS,N>N/N>S,0.0025051753741755535,0.0032053818160343987,0.005063599599729229,Group 58
8884/8885,A/A,T/T,NSP4-111-0/NSP4-111-1,NS/NS,L>I/L>*,0.0025369065358144425,0.0021407897560328563,0.005050133065215216,Group 211
10622/1090/1101/9203/9219/9222/9225/27452,-/G/G/-/-/-/A/G,C/C/C/A/G/C/C/C,NSP5-190-1/NSP2-96-0/NSP2-99-2/NSP4-217-1/NSP4-222-2/NSP4-223-2/NSP4-224-2/ORF7a-20-2,NS/NS/S/NS/NS/NS/S/NS,T>-/P>A/S>S/D>-/R>-/H>-/G>G/Y>*,0.0025624497883096316,-0.007447727398757646,0.005123044364303193,Group 9
1395/25538,T/A,A/C,NSP2-197-2/ORF3a-49-2,NS/S,E>D/G>G,0.0025674743560545423,-0.0031075336571219376,0.005107482945469962,Group 59
14221/14222,G/C,T/A,NSP12-261-1/NSP12-261-2,NS/NS,L>*/L>F,0.0027165084970742328,0.0014536513395675636,0.005059692512347264,Group 66
20660/29385,C/T,T/C,NSP16-1-2/N-371-2,S/S,S>S/D>D,0.0029406054011844197,-0.03380724752915357,0.0045498813730322244,Group 114
26046/26047,A/A,T/T,ORF3a-219-0/ORF3a-219-1,NS/NS,L>M/L>*,0.0029588021211142267,-0.0005277324520454523,0.005123172148908167,Group 164
5544/6880,T/A,A/G,NSP3-942-2/NSP3-1388-0,S/NS,T>T/V>I,0.00301545536189138,0.004284950628291323,0.005040980863834674,Group 198
1967/2449,A/G,C/C,NSP2-388-1/NSP2-549-0,NS/NS,T>K/L>V,0.0030434366974935907,-0.0029886972295488316,0.005123181065660054,Group 103
20283/20284,T/C,A/T,NSP15-222-0/NSP15-222-1,NS/NS,I>F/I>T,0.00316450833259487,0.0025876569526817475,0.005057152267022741,Group 109
22356/22412/22431,A/A/A,T/C/C,S-265-2/S-284-1/S-290-2,NS/NS/NS,Y>*/T>N/D>E,0.003181582525501688,0.002320710690343882,0.005123388223738495,Group 136
20383/24794,G/A,C/C,NSP15-255-1/S-1078-1,NS/NS,A>G/A>D,0.0031874025411164826,-0.0005755735568415763,0.005123207023012007,Group 110
25784/29500,A/C,G/T,ORF3a-131-2/N-410-0,NS/NS,W>*/S>P,0.003201993749919871,-0.007512725187277494,0.005123432685655321,Group 158
1542/4368,A/C,T/T,NSP2-246-2/NSP3-550-2,S/S,R>R/L>L,0.0032126851008201242,-0.003571829091452479,0.005094205215744158,Group 77
13639/4212,C/G,A/T,NSP12-67-1/NSP3-498-2,NS/S,D>A/A>A,0.003228796131354164,0.006213358094316517,0.00505706728462497,Group 51
15765/3727,C/C,G/G,NSP12-776-0/NSP3-337-0,NS/NS,V>L/G>R,0.003235006386741532,-0.02282638921039276,0.005123306301689722,Group 80
24388/24389,C/C,A/G,S-943-0/S-943-1,NS/NS,S>R/S>T,0.003312731334127112,0.001990067562151707,0.005070912327733151,Group 148
13511/13512,T/T,A/G,NSP12-24-2/NSP12-25-0,S/NS,T>T/G>C,0.0033132078282165087,0.002686137498930839,0.005083345858945548,Group 50
26324/5803,A/C,G/T,E-27-2/NSP3-1029-0,S/NS,L>L/C>R,0.0034491867055108554,-0.0057874900334290835,0.004954322334924452,Group 167
1184/26884,A/A,C/C,NSP2-127-1/M-121-2,NS/NS,A>E/N>K,0.0036796674817522468,0.0031283164516987447,0.005123406096650187,Group 33
25206/25208,A/A,C/T,S-1215-2/S-1216-1,NS/NS,Y>*/I>N,0.0036912099183742954,0.001529823588916093,0.005123385067306275,Group 154
28852/3010,G/C,T/T,N-194-0/NSP3-98-0,NS/S,S>A/L>L,0.003943566171874153,-0.003005865867295117,0.005057494377702379,Group 181
19010/20299/20309/20310/20314/20315,-/C/G/C/C/G,C/T/T/G/T/C,NSP14-324-2/NSP15-227-1/NSP15-230-2/NSP15-231-0/NSP15-232-1/NSP15-232-2,NS/NS/NS/NS/NS/NS,D>-/L>S/Y>*/A>P/F>S/F>L,0.003997276860569957,-0.0004441317086847767,0.005123367564374948,Group 99
7041/8532,C/-,G/A,NSP3-1441-2/NSP3-1938-2,NS/NS,M>I/T>-,0.004044516860581849,0.01681889063760453,0.005123400413225671,Group 208
24927/3735/24932,-/G/-,G/C/G,S-1122-2/NSP3-339-2/S-1124-1,NS/NS/NS,V>-/D>E/G>-,0.004087649628692995,0.017107249403378533,0.005123419183184494,Group 153
1066/1067/1071/13296/15015,-/-/-/G/C,G/G/A/C/G,NSP2-88-0/NSP2-88-1/NSP2-89-2/NSP10-91-2/NSP12-526-0,NS/NS/NS/NS/NS,G>-/G>-/E>-/D>E/A>P,0.0044978618906783676,-0.00012215748546238103,0.005123400413225671,Group 10
14018/83,C/T,T/C,NSP12-193-2/NC-83,S/S,C>C/NC-83,0.00450490749991601,0.03910615757541503,0.004804306068168453,Group 63
28806/3350,A/T,C/G,N-178-2/NSP3-211-1,S/NS,G>G/S>I,0.004647653347779234,0.001593054556667994,0.00511244449664837,Group 180
18896/2367/29020,C/G/A,T/A/T,NSP14-286-2/NSP2-521-2/N-250-0,S/S/NS,F>F/K>K/S>T,0.004720035480614776,-0.0014868851653481799,0.005059623307336166,Group 98
14897/14915,A/T,C/A,NSP12-486-2/NSP12-492-2,S/NS,G>G/Q>H,0.004814708355653211,0.000649012241699178,0.005091798542249143,Group 73
2583/5139,A/A,T/C,NSP2-593-2/NSP3-807-2,S/NS,A>A/D>E,0.0050214603560728615,-0.009319198248733597,0.004992573545259139,Group 160
11561/11562,C/A,G/C,NSP6-197-1/NSP6-197-2,NS/NS,C>S/C>*,0.005226729808120337,0.013795146689467146,0.005123220414208347,Group 29
10977/7271,-/C,A/G,NSP6-2-2/NSP3-1518-1,NS/NS,A>-/R>T,0.005243020882287993,0.003218323229397854,0.0051234363335031004,Group 16
13451/7868,A/A,C/C,NSP12-4-1/NSP3-1717-1,NS/NS,A>E/S>*,0.0054824063400301685,0.00027733893324111337,0.005123312749885918,Group 48
17336/18017,G/C,A/T,NSP13-367-2/NSP13-594-2,S/S,T>T/R>R,0.00551091455148177,0.0019253499182841833,0.004634623414034326,Group 90
27381/27382,C/T,G/A,ORF6-61-0/ORF6-61-1,NS/NS,D>H/D>V,0.00612514229006866,0.0063183733342282635,0.004876716655843692,Group 169
22996/23028/23046,A/A/A,C/C/T,S-479-0/S-489-2/S-495-2,NS/NS/NS,P>T/Y>*/Y>*,0.006245204139654382,0.001061143296853298,0.00512339524928409,Group 142
10815/3878,A/C,T/A,NSP5-254-2/NSP3-387-1,S/NS,S>S/E>A,0.006382925886310159,0.00022021207816245395,0.005071337592808099,Group 13
29465/7264/7437,A/A/A,C/T/T,N-398-1/NSP3-1516-0/NSP3-1573-2,NS/NS/NS,A>E/F>I/Y>*,0.006639284233465208,-0.0051080021694426625,0.005123408974194935,Group 185
20961/5022,A/A,G/G,NSP16-102-0/NSP3-768-2,NS/NS,D>N/M>I,0.006814981043828356,0.02258845986355078,0.004599172333728883,Group 115
15095/325,G/G,T/T,NSP12-552-2/NSP1-21-0,NS/NS,N>K/L>V,0.0070420546249828795,0.009792743188698997,0.005123402130278089,Group 76
7761/7766/7770,G/A/A,T/T/T,NSP3-1681-2/NSP3-1683-1/NSP3-1684-2,S/NS/NS,G>G/I>N/H>Q,0.007056849302267865,-0.040820964188315295,0.005123425532006623,Group 210
10035/10038/10041/10047/21476/24156/24218,-/-/-/-/A/-/-,C/C/A/T/T/C/G,NSP4-494-2/NSP4-495-2/NSP4-496-2/NSP4-498-2/NSP16-273-2/S-865-2/S-886-1,NS/NS/NS/NS/S/NS/NS,I>-/T>-/S>-/V>-/S>S/L>-/W>-,0.007263694749016538,-0.005216276611780557,0.00512340720467707,Group 2
28891/568,A/C,C/G,N-207-0/NSP1-102-0,NS/NS,P>T/E>Q,0.007494600551091322,-0.003313423725035438,0.005116989775371212,Group 182
25672/6234,C/C,T/T,ORF3a-94-1/NSP3-1172-2,NS/S,L>P/I>I,0.007579837242686396,1.6959695741467018e-06,0.00497346522048788,Group 156
11938/11939,T/G,G/T,NSP7-33-0/NSP7-33-1,NS/NS,V>F/V>G,0.007652551756967396,0.007090188621283706,0.005086228789020559,Group 35
18019/3752/9279,A/A/G,G/G/A,NSP13-595-1/NSP3-345-1/NSP4-242-2,NS/NS/S,R>K/R>K/V>V,0.007986712816910092,-0.032288617380129864,0.004886536701124923,Group 95
16627/2410/28307,G/C/A,A/T/C,NSP13-131-1/NSP2-536-0/N-12-1,NS/S/NS,K>R/L>L/A>E,0.008423208287475979,0.006563024256259928,0.005087840684656962,Group 88
16385/9388/16393,G/T/G,C/G/C,NSP13-50-2/NSP4-279-0/NSP13-53-1,NS/NS/NS,C>W/D>Y/P>R,0.00844952838440068,-0.020268125423236485,0.005123406838746633,Group 83
12987/15597/18027/24909/26971,T/A/T/C/C,G/G/G/T/T,NSP9-101-2/NSP12-720-0/NSP13-598-0/S-1116-2/M-150-2,NS/NS/NS/S/S,M>I/V>I/A>S/T>T/R>R,0.008469012628856656,-0.3570912465753828,0.003953763611333759,Group 44
22715/22716,A/C,C/T,S-385-1/S-385-2,NS/S,T>N/T>T,0.009078653852232148,0.0013820375367695455,0.005083255493490331,Group 139
1455/26046,C/G,T/T,NSP2-217-2/ORF3a-219-0,S/NS,L>L/L>V,0.009120663272507714,-0.004181835587978196,0.005049783887393404,Group 68
12487/9692,G/G,C/C,NSP8-133-0/NSP4-380-1,NS/NS,P>A/A>G,0.009239996993519038,-0.004753982270731385,0.005123418684184964,Group 39
13059/5123,C/G,T/T,NSP10-12-2/NSP3-802-1,S/NS,T>T/V>G,0.00951396293875499,-2.0589716898746532e-16,0.00505183230709652,Group 45
21981/21982,A/A,T/T,S-140-2/S-141-0,NS/NS,F>L/L>M,0.009911461140645627,0.002019926758534139,0.005122552171433547,Group 131
14558/8703/24892,A/C/A,G/T/G,NSP12-373-2/NSP4-50-2/S-1111-0,S/S/NS,V>V/D>D/E>K,0.00993270558811677,-0.0009776940567168735,0.005004070373126088,Group 69
12717/2943/27565/27628,T/A/T/A,G/G/G/C,NSP9-11-2/NSP3-75-2/ORF7a-58-1/ORF7a-79-1,NS/S/NS/NS,Q>H/L>L/C>F/A>D,0.010233815373982864,0.03538460737743133,0.00501387134986692,Group 42
2479/2557,G/T,A/C,NSP2-559-0/NSP2-585-0,NS/NS,I>V/P>S,0.0106008334465853,-0.0014954590307667435,0.004992925936425736,Group 152
6100/7200,A/G,G/A,NSP3-1128-0/NSP3-1494-2,NS/S,G>S/S>S,0.011014268759986273,0.04609618131623028,0.003930003650949744,Group 200
13457/3721,A/C,C/A,NSP12-6-1/NSP3-335-0,NS/NS,S>*/I>L,0.011044867998472332,0.005264706636038215,0.005123388146970719,Group 49
14897/4892/4896/4897,G/-/-/-,C/C/C/C,NSP12-486-2/NSP3-725-1/NSP3-726-2/NSP3-727-0,S/NS/NS/NS,G>G/T>-/F>-/H>-,0.011348023280508235,0.007098299682439795,0.005123402130278089,Group 74
10192/10194,A/T,G/A,NSP5-47-0/NSP5-47-2,NS/NS,E>K/E>D,0.011483179244835473,0.014243650535040292,0.005031561445681873,Group 3
25504/6940/25905,G/T/C,A/C/G,ORF3a-38-1/NSP3-1408-0/ORF3a-172-0,NS/S/NS,Q>R/L>L/G>R,0.01155125618906786,-0.09127821031813171,0.004062712371213262,Group 155
12048/12052,-/G,C/C,NSP7-69-2/NSP7-71-0,NS/NS,N>-/L>V,0.012823419096348598,-0.00012706988393061149,0.005123294339326737,Group 37
13712/9737,A/C,G/G,NSP12-91-2/NSP4-395-1,S/NS,K>K/S>T,0.013088541588753345,-0.03578520267118402,0.0040790298191818305,Group 54
11108/1262,A/G,C/C,NSP6-46-1/NSP2-153-1,NS/NS,A>D/T>R,0.01310321080467047,0.009669501908887568,0.0051234072046770695,Group 21
1481/17406/25233/25104,A/C/A/G,T/T/G/A,NSP2-226-1/NSP13-391-0/S-1224-2/S-1181-2,NS/S/S/S,F>Y/L>L/L>L/K>K,0.013467827911769484,-0.01084991616300351,0.00496470950756739,Group 72
16548/22599,T/C,G/A,NSP13-105-0/S-346-2,NS/NS,D>Y/R>S,0.013748592643288579,0.007097328584406917,0.004969110014598261,Group 87
22093/9528,C/G,G/A,S-178-0/NSP4-325-2,NS/S,D>H/S>S,0.014327594020242836,0.024020843585983144,0.004731660054774358,Group 134
10953/11116/29196,T/G/T,C/A/C,NSP5-300-2/NSP6-49-0/N-308-2,S/NS/S,C>C/I>V/A>A,0.014459230696649599,-0.0542145826459576,0.0037555005585279905,Group 15
12619/7004/21966/21967/21968/22295,A/A/-/-/-/C,T/C/T/T/G/A,NSP8-177-0/NSP3-1429-1/S-135-2/S-136-0/S-136-1/S-245-1,NS/NS/NS/NS/NS/NS,S>T/T>N/F>-/C>-/C>-/H>P,0.014562643616505878,-0.02513468435801881,0.005078389720803446,Group 40
20249/3873/5985/20251/20255/22213/22215/22221/22224/26578,-/G/G/-/-/-/-/-/-/-,A/C/C/T/T/C/G/T/G/A,NSP15-210-2/NSP3-385-2/NSP3-1089-2/NSP15-211-1/NSP15-212-2/S-218-0/S-218-2/S-220-2/S-221-2/M-19-2,NS/NS/NS/NS/NS/NS/NS/NS/NS/NS,E>-/I>M/F>L/I>-/D>-/Q>-/Q>-/F>-/S>-/Q>-,0.01539093641060824,0.03456947381769199,0.005123044364303193,Group 107
15641/25061,C/C,T/G,NSP12-734-2/S-1167-1,S/NS,N>N/G>A,0.01672285340561669,-0.000722659483956267,0.005007026659607708,Group 79
14219/23945/24234,A/G/C,C/A/T,NSP12-260-2/S-795-1/S-891-2,NS/NS/S,D>E/K>R/G>G,0.017819344471613166,0.005293252266446599,0.005068909221036209,Group 65
22010/574,C/A,A/C,S-150-1/NSP1-104-0,NS/NS,K>T/L>I,0.017957508936690732,0.015041310910886695,0.004912512402709096,Group 132
12019/237/239/712/1217/13457/28609,-/A/A/C/G/G/G,C/T/T/G/C/C/C,NSP7-60-0/NC-237/NC-239/NSP1-150-0/NSP2-138-1/NSP12-6-1/N-113-0,NS/S/S/NS/NS/NS/NS,L>-/NC-237/NC-239/G>R/S>*/S>W/L>V,0.018656269084506398,0.012880139228474386,0.005123388146970719,Group 36
18131/28861,C/A,T/T,NSP14-31-2/N-197-0,S/NS,T>T/S>T,0.018685077783710757,0.0015308620207626486,0.005030735433463179,Group 96
24696/5233,A/G,G/A,S-1045-2/NSP3-839-0,S/NS,K>K/K>E,0.018772339021926147,0.0052833590986221535,0.004986880697873402,Group 151
1737/6591/28540,A/G/A,G/A/G,NSP2-311-2/NSP3-1291-2/N-90-0,S/S/NS,V>V/K>K/A>T,0.019636637958397495,-0.009886654953087446,0.004858198645377805,Group 91
21810/23591/29193/29376,A/C/C/A,C/A/T/T,S-83-2/S-677-1/N-307-2/N-368-2,S/NS/S/S,V>V/Q>P/F>F/P>P,0.02095883342775392,-0.09414214602793056,0.004553439976128865,Group 124
1497/1806/2658/8592/20723/24223/27204/27205/27206/28277/28278/28279/28307/28698,T/G/A/C/G/C/-/-/-/-/-/-/G/G,C/A/G/T/A/T/T/T/T/C/T/G/C/A,NSP2-231-2/NSP2-334-2/NSP2-618-2/NSP4-13-2/NSP16-22-2/S-888-0/ORF6-2-0/ORF6-2-1/ORF6-2-2/N-2-1/N-2-2/N-3-0/N-12-1/N-142-2,S/S/S/S/S/NS/NS/NS/NS/NS/NS/NS/NS/S,F>F/G>G/K>K/V>V/L>L/F>L/F>-/F>-/F>-/S>-/S>-/D>-/A>G/P>P,0.021653877950350942,-0.005663816348487959,0.004772533880395025,Group 75
24498/26890,A/G,T/A,S-979-2/M-123-2,NS/S,D>E/P>P,0.022468258907992172,0.05784860288363222,0.0050215390051100385,Group 150
11455/29049,G/A,A/G,NSP6-162-0/N-259-2,NS/S,I>V/R>R,0.023232527027292317,0.1911359066386879,0.004512542880168657,Group 26
10194/28074,G/T,A/G,NSP5-47-2/ORF8-61-1,S/NS,E>E/C>F,0.024518520955518305,0.057294947895755996,0.0032670133754065783,Group 4
10368/4522/5064/10375/11131/13535/20252/20253/20278/29549/29550/29560/29561/29562,-/-/-/-/-/G/-/-/-/G/C/A/T/A,C/G/T/C/G/C/T/G/A/C/A/G/G/C,NSP5-105-2/NSP3-602-0/NSP3-782-2/NSP5-108-0/NSP6-54-0/NSP12-32-2/NSP15-211-2/NSP15-212-0/NSP15-220-1/NC-29549/NC-29550/ORF10-2-0/ORF10-2-1/ORF10-2-2,NS/NS/NS/NS/NS/NS/NS/NS/NS/S/S/NS/NS/S,R>-/A>-/D>-/P>-/A>-/Y>*/I>-/D>-/E>-/NC-29549/NC-29550/G>S/G>V/G>G,0.02540886408242153,0.01657065500983971,0.0051233576435679405,Group 7
11336/27881,C/T,T/G,NSP6-122-1/ORF7b-43-2,NS/S,L>S/T>T,0.025771493606726124,0.01033819017090083,0.004920879770156837,Group 25
26106/27506,C/C,G/A,ORF3a-239-0/ORF7a-38-2,NS/S,E>Q/G>G,0.03060679208027072,0.23252701125587288,0.0044667503916401355,Group 165
25929/29438,C/T,T/A,ORF3a-180-0/N-389-1,NS/NS,S>P/Q>L,0.03107733230930427,-0.017177315493707608,0.004490970084029016,Group 162
10318/18423/25906/27963/28471,T/G/T/T/T,C/A/G/C/C,NSP5-89-0/NSP14-129-0/ORF3a-172-1/ORF8-24-1/N-67-0,NS/NS/NS/NS/NS,L>F/N>D/G>V/S>L/P>S,0.03447994422236975,-0.7384079123390015,0.0021982501950943713,Group 5
23400/7539,A/C,G/T,S-613-2/NSP3-1607-2,S/S,Q>Q/T>T,0.03469197025550955,0.04194819775789983,0.005014574402690253,Group 143
13700/304/2226/2234/2936/2938/9748/15450/15451/16732/20713/22857/24780/24861/24862/24864/26427,-/C/-/-/-/-/T/-/-/A/-/G/-/-/-/-/-,T/G/C/G/C/C/A/G/G/C/G/C/G/A/C/C/G,NSP12-87-2/NSP1-14-0/NSP2-474-2/NSP2-477-1/NSP3-73-1/NSP3-74-0/NSP4-399-0/NSP12-671-0/NSP12-671-1/NSP13-166-1/NSP16-19-1/S-432-2/S-1073-2/S-1100-2/S-1101-0/S-1101-2/E-62-0,NS/NS/NS/NS/NS/NS/NS/NS/NS/NS/NS/NS/NS/NS/NS/NS/NS,Y>-/V>L/T>-/C>-/T>-/P>-/K>*/G>-/G>-/S>*/R>-/C>W/K>-/T>-/H>-/H>-/V>-,0.038876985935333716,0.3468460401320639,0.005123126580811254,Group 53
28273/28275/28279/28280/28281,G/C/A/-/-,A/G/G/A/T,N-1-0/N-1-2/N-3-0/N-3-1/N-3-2,NS/NS/NS/NS/NS,M>V/M>I/D>N/D>-/D>-,0.04841229853284767,0.09074703368415837,0.005051172218601639,Group 179
11803/9748/22031/24409/28043,A/G/C/C/T,G/A/T/G/G,NSP6-278-0/NSP4-399-0/S-157-1/S-950-0/ORF8-51-0,NS/NS/NS/NS/NS,V>I/K>E/F>S/D>H/A>S,0.051362606849188024,0.6576043505000406,0.004011071184752623,Group 31
16499/22319,C/G,A/A,NSP13-88-2/S-253-1,NS/NS,Q>H/D>G,0.05503912937609293,0.05528471117285144,0.003139628917322921,Group 84
24431/8808/25967/28878,G/T/G/G,A/C/A/T,S-957-1/NSP4-85-2/ORF3a-192-2/N-202-2,NS/S/S/NS,Q>R/D>D/K>K/S>R,0.06370325520109976,0.10256010126000559,0.004003097864856381,Group 149
17103/7766/8046/22878,T/C/T/A,C/T/C/C,NSP13-290-0/NSP3-1683-1/NSP3-1776-2/S-439-2,NS/NS/S/NS,H>Y/I>T/Y>Y/N>K,0.06467731242843824,-0.30489809019943703,0.0037451604651098074,Group 89
14339/17550/19166/19273/22016,T/A/G/A/T,C/G/A/C/G,NSP12-300-2/NSP13-439-0/NSP14-376-2/NSP14-412-1/S-152-1,S/NS/S/NS/NS,N>N/G>R/K>K/P>H/W>L,0.0781824180920259,-0.02657066046710273,0.0045491834812456155,Group 67
240/3036/14407/23402,T/T/T/G,C/C/C/A,NC-240/NSP3-106-2/NSP12-323-1/S-614-1,S/S/NS/NS,NC-240/F>F/P>L/D>G,0.0902067269859037,0.44438627774243344,0.0035550606863082013,B.1
15951/28298,A/T,C/A,NSP12-838-0/N-9-1,NS/NS,L>I/Q>L,0.09087940287047738,0.18851924499380807,0.004707524829089795,Group 82
21254/444/6285/26800/28931/29644/22226,C/C/T/G/T/T/T,G/T/C/C/C/G/C,NSP16-199-2/NSP1-60-2/NSP3-1189-2/M-93-2/N-220-1/ORF10-30-0/S-222-1,S/S/S/S/NS/NS/NS,A>A/V>V/T>T/L>L/A>V/V>L/A>V,0.10225873676301382,-0.5484761808317338,0.0029214407653079416,20E_EU1
20577/23286/25275/27886/27887/27888/27889/27890/27891/27892/27893/27894/27895/9071/23947/27896/27897/27898/27899/27900/28270/28896/28897/28895,A/C/A/-/-/-/-/-/-/-/-/-/-/T/C/-/-/-/-/-/G/-/-/-,G/T/C/A/A/C/G/A/A/C/A/T/G/C/G/A/A/A/T/T/A/T/A/C,NSP15-320-0/S-575-2/S-1238-2/ORF7b-44-1/NC-27887/NC-27888/NC-27889/NC-27890/NC-27891/NC-27892/ORF8-1-0/ORF8-1-1/ORF8-1-2/NSP4-173-1/S-796-0/ORF8-2-0/ORF8-2-1/ORF8-2-2/ORF8-3-0/ORF8-3-1/NC-28270/N-208-2/N-209-0/N-208-1,NS/S/S/NS/S/S/S/S/S/S/NS/NS/NS/NS/NS/NS/NS/NS/NS/NS/S/NS/NS/NS,V>M/A>A/T>T/K>-/NC-27887/NC-27888/NC-27889/NC-27890/NC-27891/NC-27892/M>-/M>-/M>-/T>I/D>H/K>-/K>-/K>-/F>-/F>-/NC-28270/A>-/R>-/A>-,0.1077615918266768,0.7282462115779343,0.004749953049031504,Group 113
17013/21599/22017/28271/240/3036/14407/23402/22916/28886/25562/12877,T/T/T/T/T/T/T/G/G/T/T/G,G/G/G/A/C/C/C/A/T/C/G/A,NSP13-260-0/S-13-1/S-152-2/NC-28271/NC-240/NSP3-106-2/NSP12-323-1/S-614-1/S-452-1/N-205-1/ORF3a-57-2/NSP9-65-0,NS/NS/NS/S/S/S/NS/NS/NS/NS/NS/NS,D>Y/S>I/W>C/NC-28271/NC-240/F>F/P>L/D>G/L>R/T>I/Q>H/I>V,0.2521366677233685,0.4868498431364558,0.003020159272978243,epsilon
22299/7423/22300/22301/22302/22303/22304/22305/22306/22307/22308/22309/22310/22311/22312/22313/22314/22315/22316/22317/22318/28912/240/3036/14407/23402/11287/11288/11289/11290/11291/11292/11293/11294/11295/21785/21788/22916/23030/24137/4001/7123/9866/10028/10096,-/G/-/-/-/-/-/-/-/-/-/-/-/-/-/-/-/-/-/-/-/T/T/T/T/G/-/-/-/-/-/-/-/-/-/T/T/A/C/A/T/T/C/T/A,A/T/A/G/T/T/A/T/T/T/G/A/C/T/C/C/T/G/G/T/G/G/C/C/C/A/T/C/T/G/G/T/T/T/T/G/C/T/T/C/C/C/T/C/G,S-246-2/NSP3-1569-0/S-247-0/S-247-1/S-247-2/S-248-0/S-248-1/S-248-2/S-249-0/S-249-1/S-249-2/S-250-0/S-250-1/S-250-2/S-251-0/S-251-1/S-251-2/S-252-0/S-252-1/S-252-2/S-253-0/N-214-0/NC-240/NSP3-106-2/NSP12-323-1/S-614-1/NSP6-106-0/NSP6-106-1/NSP6-106-2/NSP6-107-0/NSP6-107-1/NSP6-107-2/NSP6-108-0/NSP6-108-1/NSP6-108-2/S-75-1/S-76-1/S-452-1/S-490-1/S-859-1/NSP3-428-1/NSP3-1469-0/NSP4-438-1/NSP4-492-1/NSP5-15-0,NS/NS/NS/NS/NS/NS/NS/NS/NS/NS/NS/NS/NS/NS/NS/NS/NS/NS/NS/NS/NS/NS/S/S/NS/NS/NS/NS/NS/NS/NS/NS/NS/NS/NS/NS/NS/NS/NS/NS/NS/NS/NS/NS/NS,R>-/F>V/S>-/S>-/S>-/Y>-/Y>-/Y>-/L>-/L>-/L>-/T>-/T>-/T>-/P>-/P>-/P>-/G>-/G>-/G>-/D>-/G>C/NC-240/F>F/P>L/D>G/S>-/S>-/S>-/G>-/G>-/G>-/F>-/F>-/F>-/G>V/T>I/L>Q/F>S/T>N/T>I/P>S/L>P/T>I/G>S,0.39633394291822377,2.9118563326100326,0.004142080135835204,lambda
21800/5229/22205/26455/22281/22282/22286/22287/22288/22280/22283/22284/22285/240/3036/14407/23402/23062/11287/11288/11289/11290/11291/11292/11293/11294/11295/22812/23011/23663/25562/1058/10322/28886/173/28252,C/T/G/T/-/-/-/-/-/-/-/-/-/T/T/T/G/T/-/-/-/-/-/-/-/-/-/T/A/T/T/T/G/T/T/T,A/G/A/C/T/T/T/T/G/C/T/A/C/C/C/C/A/A/T/C/T/G/G/T/T/T/T/G/G/C/G/C/A/C/G/C,S-80-1/NSP3-837-2/S-215-1/E-71-1/S-240-2/S-241-0/S-242-1/S-242-2/S-243-0/S-240-1/S-241-1/S-241-2/S-242-0/NC-240/NSP3-106-2/NSP12-323-1/S-614-1/S-501-0/NSP6-106-0/NSP6-106-1/NSP6-106-2/NSP6-107-0/NSP6-107-1/NSP6-107-2/NSP6-108-0/NSP6-108-1/NSP6-108-2/S-417-2/S-484-0/S-701-1/ORF3a-57-2/NSP2-85-1/NSP5-90-1/N-205-1/NC-173/ORF8-120-2,NS/NS/NS/NS/NS/NS/NS/NS/NS/NS/NS/NS/NS/S/S/NS/NS/NS/NS/NS/NS/NS/NS/NS/NS/NS/NS/NS/NS/NS/NS/NS/NS/NS/S/S,D>A/K>N/D>G/P>L/T>-/L>-/L>-/L>-/A>-/T>-/L>-/L>-/L>-/NC-240/F>F/P>L/D>G/N>Y/S>-/S>-/S>-/G>-/G>-/G>-/F>-/F>-/F>-/K>N/E>K/A>V/Q>H/T>I/K>R/T>I/NC-173/F>F,0.44608714559789325,1.7480968359998499,0.0029870391750120933,beta
11287/11288/11289/11290/11291/11292/11293/11294/11295/23062/14675/912/3266/5387/5985/6953/15278/16175/21764/21765/21766/21767/21768/21769/21990/21991/21992/23270/23603/23708/24505/24913/27971/28047/28110/28279/28280/28281/28976/28880/28881/28882/240/3036/14407/23402,-/-/-/-/-/-/-/-/-/T/T/T/T/A/T/C/T/C/-/-/-/-/-/-/-/-/-/A/A/T/G/C/T/T/G/C/T/A/T/A/A/C/T/T/T/G,T/C/T/G/G/T/T/T/T/A/C/C/C/C/C/T/C/T/T/A/C/A/T/G/T/T/A/C/C/C/T/G/C/G/A/G/A/T/C/G/G/G/C/C/C/A,NSP6-106-0/NSP6-106-1/NSP6-106-2/NSP6-107-0/NSP6-107-1/NSP6-107-2/NSP6-108-0/NSP6-108-1/NSP6-108-2/S-501-0/NSP12-412-2/NSP2-36-2/NSP3-183-1/NSP3-890-1/NSP3-1089-2/NSP3-1412-1/NSP12-613-2/NSP12-912-2/S-68-1/S-68-2/S-69-0/S-69-1/S-69-2/S-70-0/S-143-2/S-144-0/S-144-1/S-570-1/S-681-1/S-716-1/S-982-0/S-1118-0/ORF8-27-0/ORF8-52-1/ORF8-73-1/N-3-0/N-3-1/N-3-2/N-235-1/N-203-1/N-203-2/N-204-0/NC-240/NSP3-106-2/NSP12-323-1/S-614-1,NS/NS/NS/NS/NS/NS/NS/NS/NS/NS/S/S/NS/NS/S/NS/S/S/NS/NS/NS/NS/NS/NS/NS/NS/NS/NS/NS/NS/NS/NS/NS/NS/NS/NS/NS/NS/NS/NS/S/NS/S/S/NS/NS,S>-/S>-/S>-/G>-/G>-/G>-/F>-/F>-/F>-/N>Y/P>P/S>S/T>I/A>D/F>F/I>T/H>H/T>T/I>-/I>-/H>-/H>-/H>-/V>-/V>-/Y>-/Y>-/A>D/P>H/T>I/S>A/D>H/Q>*/R>I/Y>C/D>H/D>V/D>E/S>F/R>K/R>R/G>R/NC-240/F>F/P>L/D>G,0.5163223092137538,3.6192581056558937,0.001893827695809185,alpha
12777/732/2748/3827/5647/6318/6612/13859/17258/21620/22811/24641/26148/28166/28511/22131/240/3036/14407/23402/23062/11287/11288/11289/11290/11291/11292/11293/11294/11295/28880/28881/28882/28876/28877/21613/21637/23524/25087,T/C/T/T/C/G/G/T/T/A/C/T/C/A/G/T/T/T/T/G/T/-/-/-/-/-/-/-/-/-/A/A/C/T/C/T/T/T/T,C/T/C/C/A/A/A/C/G/C/A/C/T/G/C/G/C/C/C/A/A/T/C/T/G/G/T/T/T/T/G/G/G/A/G/C/C/C/G,NSP9-31-2/NSP1-156-2/NSP3-10-2/NSP3-370-1/NSP3-977-0/NSP3-1200-2/NSP3-1298-2/NSP12-140-2/NSP13-341-2/S-20-1/S-417-1/S-1027-1/ORF3a-253-0/ORF8-92-0/N-80-1/S-190-2/NC-240/NSP3-106-2/NSP12-323-1/S-614-1/S-501-0/NSP6-106-0/NSP6-106-1/NSP6-106-2/NSP6-107-0/NSP6-107-1/NSP6-107-2/NSP6-108-0/NSP6-108-1/NSP6-108-2/N-203-1/N-203-2/N-204-0/N-202-0/N-202-1/S-18-0/S-26-0/S-655-0/S-1176-0,S/S/S/NS/NS/S/S/S/NS/NS/NS/NS/NS/NS/NS/NS/S/S/NS/NS/NS/NS/NS/NS/NS/NS/NS/NS/NS/NS/NS/S/NS/NS/NS/NS/NS/NS/NS,Y>Y/D>D/D>D/S>L/K>Q/P>P/V>V/D>D/E>D/T>N/K>T/T>I/S>P/E>K/P>R/R>S/NC-240/F>F/P>L/D>G/N>Y/S>-/S>-/S>-/G>-/G>-/G>-/F>-/F>-/F>-/R>K/R>R/G>R/S>C/S>T/L>F/P>S/H>Y/V>F,0.5597155073961316,2.7217547730909915,0.002818852931571838,gamma
15450/209/16465/21617/22028/22029/22030/22031/22032/22033/22994/23603/24409/25468/26766/27637/27751/28247/28248/28249/28250/28251/28252/28460/28880/29401/240/3036/14407/23402/22916/28270,A/T/T/G/-/-/-/-/-/-/A/G/A/T/C/C/T/-/-/-/-/-/-/G/T/T/T/T/T/G/G/-,G/G/C/C/A/G/T/T/C/A/C/C/G/C/T/T/C/G/A/T/T/T/C/A/G/G/C/C/C/A/T/A,NSP12-671-0/NC-209/NSP13-77-1/S-19-1/S-156-1/S-156-2/S-157-0/S-157-1/S-157-2/S-158-0/S-478-1/S-681-1/S-950-0/ORF3a-26-1/M-82-1/ORF7a-82-1/ORF7a-120-1/ORF8-119-0/ORF8-119-1/ORF8-119-2/ORF8-120-0/ORF8-120-1/ORF8-120-2/N-63-1/N-203-1/N-377-0/NC-240/NSP3-106-2/NSP12-323-1/S-614-1/S-452-1/NC-28270,NS/S/NS/NS/NS/NS/NS/NS/NS/NS/NS/NS/NS/NS/NS/NS/NS/NS/NS/NS/NS/NS/NS/NS/NS/NS/S/S/NS/NS/NS/S,G>S/NC-209/P>L/T>R/E>-/E>-/F>-/F>-/F>-/R>-/T>K/P>R/D>N/S>L/I>T/V>A/T>I/D>-/D>-/D>-/F>-/F>-/F>-/D>G/R>M/D>Y/NC-240/F>F/P>L/D>G/L>R/NC-28270,0.8460990275938001,16.211682669903745,0.0028752227495783696,delta
