,M-82-1-C,N-203-1-T,N-377-0-T,N-63-1-G,NSP12-671-0-A,NSP13-77-1-T,ORF3a-26-1-T,ORF7a-120-1-T,ORF7a-82-1-C,S-19-1-G,S-452-1-G,S-478-1-A,S-681-1-G,S-950-0-A
M-82-1-C,-13.466255448714627,0.5261465873215252,0.32346525552802785,0.5483067642813693,0.39668155841378105,0.4616637438557843,0.5599363428692239,0.47811503889253193,0.4887174138840079,0.5588145690033389,0.42852156600421576,0.43946207573143287,0.6073705793913402,0.5275827917554239
N-203-1-T,0.5261465873215264,-13.466255448714627,0.5848091950590939,0.5934585149746927,0.4645030963802847,0.40187028008632614,0.7445080000548608,0.518688258592302,0.6311659626179033,0.6312520904758138,0.5546881646240024,0.5847363769987649,0.7388668149020122,0.504595065929747
N-377-0-T,0.3234652555280282,0.5848091950590942,-13.466255448714627,0.45044150191845306,0.3447183393016929,0.25840994513297927,0.546357988612558,0.4011808692626726,0.5266665179874599,0.4833660751065088,0.28433830626457895,0.4005645421155785,0.49803412829863447,0.3885275345374546
N-63-1-G,0.5483067642813683,0.59345851497469,0.4504415019184536,-13.466255448714627,0.45498594010658716,0.37398808755437757,0.6003530245498363,0.5362540660521786,0.500557656623202,0.6014437117462734,0.39837907323831656,0.5510091880564879,0.5403059295563879,0.889010769883976
NSP12-671-0-A,0.3966815584137776,0.46450309638028564,0.3447183393016912,0.4549859401065879,-13.466255448714627,0.8958347570505147,0.4980873485482229,0.42355503982799825,0.37620065775807143,0.5104819881424326,0.3126509432053967,0.4467883167139829,0.43534963536943044,0.40470836852489234
NSP13-77-1-T,0.4616637438557826,0.40187028008632825,0.258409945132981,0.3739880875543768,0.8958347570505146,-13.466255448714627,0.409359752277505,0.35820817857419734,0.34398324648602463,0.4403688799300403,0.5273445973342707,0.3629105110675368,0.427721374371681,0.33635187869127564
ORF3a-26-1-T,0.5599363428692233,0.7445080000548622,0.5463579886125571,0.6003530245498349,0.49808734854821984,0.40935975227750754,-13.466255448714627,0.52887120123252,0.6432104119169283,0.620277085261826,0.5509876742565917,0.5743380846944144,0.7388520438181231,0.5562664557797931
ORF7a-120-1-T,0.478115038892531,0.5186882585923027,0.4011808692626742,0.5362540660521793,0.4235550398279978,0.3582081785742009,0.5288712012325217,-13.466255448714627,1.144135756710324,0.5768189189157452,0.39574741449120204,0.5582020132498543,0.48674919287999757,0.48726260312507835
ORF7a-82-1-C,0.48871741388400886,0.6311659626179048,0.5266665179874592,0.5005576566232032,0.3762006577580718,0.3439832464860243,0.6432104119169267,1.1441357567103223,-13.466255448714627,0.552409353602665,0.5323852381478456,0.5610844421300666,0.6671276092505899,0.47694932244015564
S-19-1-G,0.5588145690033387,0.6312520904758148,0.48336607510651086,0.6014437117462675,0.5104819881424318,0.4403688799300408,0.6202770852618297,0.5768189189157505,0.5524093536026652,-13.466255448714627,0.44712345752274146,0.6176646058584349,0.5941712184935788,0.5441075044495811
S-452-1-G,0.4285215660042163,0.5546881646240008,0.2843383062645781,0.3983790732383147,0.31265094320539877,0.5273445973342727,0.5509876742565913,0.39574741449120143,0.5323852381478467,0.4471234575227412,-13.466255448714627,0.7396107747013713,0.5106844621157216,0.41079992091730516
S-478-1-A,0.439462075731433,0.5847363769987624,0.4005645421155778,0.5510091880564865,0.4467883167139835,0.3629105110675354,0.5743380846944137,0.5582020132498531,0.561084442130068,0.6176646058584366,0.7396107747013732,-13.466255448714627,0.5594122794098951,0.5310701215754102
S-681-1-G,0.6073705793913395,0.7388668149020142,0.4980341282986351,0.5403059295563868,0.4353496353694321,0.4277213743716772,0.7388520438181259,0.48674919288000007,0.667127609250589,0.5941712184935771,0.5106844621157198,0.5594122794098966,-13.466255448714627,0.552183940171546
S-950-0-A,0.5275827917554244,0.5045950659297471,0.3885275345374545,0.8890107698839744,0.4047083685248913,0.33635187869127403,0.5562664557797952,0.4872626031250764,0.4769493224401577,0.5441075044495836,0.4107999209173043,0.5310701215754117,0.552183940171549,-13.466255448714627
